<?xml version="1.0" encoding="UTF-8"?>
<root>
  <item name="foundation.widget.recyclerView.swiperefreshlayout.MaterialProgressDrawable void updateSizes(int) 0">
    <annotation name="android.support.annotation.IntDef">
      <val name="value" val="{foundation.widget.recyclerView.swiperefreshlayout.MaterialProgressDrawable.LARGE, foundation.widget.recyclerView.swiperefreshlayout.MaterialProgressDrawable.DEFAULT}" />
    </annotation>
  </item>
  <item name="foundation.widget.recyclerView.swiperefreshlayout.MaterialProgressDrawable.ProgressDrawableSize">
    <annotation name="android.support.annotation.IntDef">
      <val name="value" val="{foundation.widget.recyclerView.swiperefreshlayout.MaterialProgressDrawable.LARGE, foundation.widget.recyclerView.swiperefreshlayout.MaterialProgressDrawable.DEFAULT}" />
    </annotation>
  </item>
</root>

